{
  "project_info": {
    "project_number": "751163912321",
    "firebase_url": "https://telogix-captain-app-default-rtdb.firebaseio.com",
    "project_id": "telogix-captain-app",
    "storage_bucket": "telogix-captain-app.appspot.com"
  },
  "client": [
    {
      "client_info": {
        "mobilesdk_app_id": "1:751163912321:android:4ea6515f0deb29ffcf1d80",
        "android_client_info": {
          "package_name": "com.associatedventure.apps.telogix_e_driver"
        }
      },
      "oauth_client": [
        {
          "client_id": "751163912321-ta4c6no73b408485qqslafsjdh46f4t0.apps.googleusercontent.com",
          "client_type": 1,
          "android_info": {
            "package_name": "com.associatedventure.apps.telogix_e_driver",
            "certificate_hash": "55317c3d4ad9ba7392c861275b4e5a895ca51697"
          }
        },
        {
          "client_id": "751163912321-58pgdd9dmd845jgu8vpajfbrktgvde8l.apps.googleusercontent.com",
          "client_type": 3
        }
      ],
      "api_key": [
        {
          "current_key": "AIzaSyA6UMIfifcEn4KjkmAV-toVuHQe5BFS7OI"
        }
      ],
      "services": {
        "appinvite_service": {
          "other_platform_oauth_client": [
            {
              "client_id": "751163912321-58pgdd9dmd845jgu8vpajfbrktgvde8l.apps.googleusercontent.com",
              "client_type": 3
            }
          ]
        }
      }
    }
  ],
  "configuration_version": "1"
}