{
  "project_info": {
    "project_number": "436098817279",
    "firebase_url": "https://telogix-e-driver.firebaseio.com",
    "project_id": "telogix-e-driver",
    "storage_bucket": "telogix-e-driver.appspot.com"
  },
  "client": [
    {
      "client_info": {
        "mobilesdk_app_id": "1:436098817279:android:1d9ae202ec5a3742da00ca",
        "android_client_info": {
          "package_name": "com.associatedventure.apps.telogix_e_driver"
        }
      },
      "oauth_client": [
        {
          "client_id": "436098817279-p8rudr1n86jetec6c7lrisnrijbon23e.apps.googleusercontent.com",
          "client_type": 1,
          "android_info": {
            "package_name": "com.associatedventure.apps.telogix_e_driver",
            "certificate_hash": "d3dfdfcf666d3039d839471db80851cc5947824f"
          }
        },
        {
          "client_id": "436098817279-ululoj4dkkk4lq14cr5652grc4qr59m4.apps.googleusercontent.com",
          "client_type": 3
        }
      ],
      "api_key": [
        {
          "current_key": "AIzaSyBVIGPVecrGWW2-2roeg7q9P4RRNxZqOaM"
        }
      ],
      "services": {
        "appinvite_service": {
          "other_platform_oauth_client": [
            {
              "client_id": "436098817279-ululoj4dkkk4lq14cr5652grc4qr59m4.apps.googleusercontent.com",
              "client_type": 3
            }
          ]
        }
      }
    }
  ],
  "configuration_version": "1"
}